Workbook

Sheet Katalog_Visual
A1: product_name | B1: brand | C1: variant | D1: package_size | E1: price | F1: original_price | G1: discount_percentage | H1: stock_status | I1: category | J1: promo_type | K1: promo_start_date | L1: promo_end_date | M1: promo_badge
B2: =Katalog_Import!A2 -> SO GOOD Chicken Nugget Crispy 400 g | C2: =Katalog_Import!B2 -> SO GOOD | D2: =Katalog_Import!C2 -> Chicken Nugget Crispy | E2: =Katalog_Import!D2 -> 400 g | F2: =Katalog_Import!E2 -> 42600 | G2: =Katalog_Import!F2 -> 56900 | H2: =Katalog_Import!G2 -> 25.13 | I2: =Katalog_Import!H2 -> Tersedia | J2: =Katalog_Import!I2 -> Makanan Beku
B3: =Katalog_Import!A3 -> SO GOOD Chicken Dinobites 400 g | C3: =Katalog_Import!B3 -> SO GOOD | D3: Chicken Dinobites | E3: 400 g | F3: 38900 | G3: 51900 | H3: 25.05 | I3: Makanan Beku | J3: PROMO JSM (3 HARI)
B4: =Katalog_Import!A4 -> SO GOOD Chicken Stick Premium 400 g | C4: =Katalog_Import!B4 -> SO GOOD | D4: =Katalog_Import!C4 -> Chicken Stick Premium | E4: =Katalog_Import!D4 -> 400 g | F4: =Katalog_Import!E4 -> 48500 | G4: =Katalog_Import!F4 -> 57200 | H4: =Katalog_Import!G4 -> 15.21 | I4: =Katalog_Import!H4 -> Tersedia | J4: =Katalog_Import!I4 -> Makanan Beku
B5: =Katalog_Import!A5 -> SO GOOD Sosis French Lemon, Itali Hot Trfl 58g, German Cheese 60g | C5: =Katalog_Import!B5 -> SO GOOD | D5: =Katalog_Import!C5 -> French Lemon / Itali Hot Trfl / German Cheese | E5: =Katalog_Import!D5 -> 58 g / 60 g | F5: =Katalog_Import!E5 -> 6900 | G5: =Katalog_Import!F5 -> 9200 | H5: =Katalog_Import!G5 -> 25 | I5: =Katalog_Import!H5 -> Tersedia | J5: =Katalog_Import!I5 -> Makanan Beku
B6: =Katalog_Import!A6 -> BENFARM Chicken Sausage 300 g | C6: =Katalog_Import!B6 -> BENFARM | D6: =Katalog_Import!C6 -> Chicken Sausage | E6: =Katalog_Import!D6 -> 300 g | F6: =Katalog_Import!E6 -> 45900 | G6: =Katalog_Import!F6 -> 54900 | H6: =Katalog_Import!G6 -> 16.39 | I6: =Katalog_Import!H6 -> Tersedia | J6: =Katalog_Import!I6 -> Makanan Beku
B7: =Katalog_Import!A7 -> BENFARM Honey Chicken Wing 400 g | C7: =Katalog_Import!B7 -> BENFARM | D7: =Katalog_Import!C7 -> Honey Chicken Wing | E7: =Katalog_Import!D7 -> 400 g | F7: =Katalog_Import!E7 -> 54900 | G7: =Katalog_Import!F7 -> 59900 | H7: =Katalog_Import!G7 -> 8.35 | I7: =Katalog_Import!H7 -> Tersedia | J7: =Katalog_Import!I7 -> Makanan Beku
B8: =Katalog_Import!A8 -> BENFARM Nugget Premium Chicken Stick 300 g | C8: =Katalog_Import!B8 -> BENFARM | D8: =Katalog_Import!C8 -> Nugget Premium Chicken Stick | E8: =Katalog_Import!D8 -> 300 g | F8: =Katalog_Import!E8 -> 31900 | G8: =Katalog_Import!F8 -> 38900 | H8: =Katalog_Import!G8 -> 17.99 | I8: =Katalog_Import!H8 -> Tersedia | J8: =Katalog_Import!I8 -> Makanan Beku
B9: =Katalog_Import!A9 -> KRAFT Quick Melt Mozza 150 g | C9: =Katalog_Import!B9 -> KRAFT | D9: =Katalog_Import!C9 -> Quick Melt Mozza | E9: =Katalog_Import!D9 -> 150 g | F9: =Katalog_Import!E9 -> 26600 | G9: =Katalog_Import!F9 -> 33200 | H9: =Katalog_Import!G9 -> 19.88 | I9: =Katalog_Import!H9 -> Tersedia | J9: =Katalog_Import!I9 -> Keju & Olahan Susu
B10: =Katalog_Import!A10 -> KRAFT Cheddar 150 g | C10: =Katalog_Import!B10 -> KRAFT | D10: =Katalog_Import!C10 -> Cheddar | E10: =Katalog_Import!D10 -> 150 g | F10: =Katalog_Import!E10 -> 21500 | G10: =Katalog_Import!F10 -> 27900 | H10: =Katalog_Import!G10 -> 22.94 | I10: =Katalog_Import!H10 -> Tersedia | J10: =Katalog_Import!I10 -> Keju & Olahan Susu
B11: =Katalog_Import!A11 -> KRAFT All In 1 150 g | C11: =Katalog_Import!B11 -> KRAFT | D11: =Katalog_Import!C11 -> All In 1 Cheddar | E11: =Katalog_Import!D11 -> 150 g | F11: =Katalog_Import!E11 -> 14200 | G11: =Katalog_Import!F11 -> 17900 | H11: =Katalog_Import!G11 -> 20.67 | I11: =Katalog_Import!H11 -> Tersedia | J11: =Katalog_Import!I11 -> Keju & Olahan Susu

Sheet Katalog_Import
A1: product_name | B1: brand | C1: variant | D1: package_size | E1: price | F1: original_price | G1: discount_percentage | H1: stock_status | I1: category | J1: promo_type | K1: promo_start_date | L1: promo_end_date | M1: promo_badge
A2: SO GOOD Chicken Nugget Crispy 400 g | B2: SO GOOD | C2: Chicken Nugget Crispy | D2: 400 g | E2: 42600 | F2: 56900 | G2: 25.13 | H2: Tersedia | I2: Makanan Beku | J2: JSM | K2: 2026-07-24 | L2: 2026-07-26 | M2: PROMO JSM (3 HARI)
A3: SO GOOD Chicken Dinobites 400 g | B3: SO GOOD | C3: Chicken Dinobites | D3: 400 g | E3: 38900 | F3: 51900 | G3: 25.05 | H3: Tersedia | I3: Makanan Beku | J3: JSM | K3: 2026-07-24 | L3: 2026-07-26 | M3: PROMO JSM (3 HARI)
A4: SO GOOD Chicken Stick Premium 400 g | B4: SO GOOD | C4: Chicken Stick Premium | D4: 400 g | E4: 48500 | F4: 57200 | G4: 15.21 | H4: Tersedia | I4: Makanan Beku | J4: JSM | K4: 2026-07-24 | L4: 2026-07-26 | M4: PROMO JSM (3 HARI)
A5: SO GOOD Sosis French Lemon, Itali Hot Trfl 58g, German Cheese 60g | B5: SO GOOD | C5: French Lemon / Itali Hot Trfl / German Cheese | D5: 58 g / 60 g | E5: 6900 | F5: 9200 | G5: 25 | H5: Tersedia | I5: Makanan Beku | J5: JSM | K5: 2026-07-24 | L5: 2026-07-26 | M5: PROMO JSM (3 HARI)
A6: BENFARM Chicken Sausage 300 g | B6: BENFARM | C6: Chicken Sausage | D6: 300 g | E6: 45900 | F6: 54900 | G6: 16.39 | H6: Tersedia | I6: Makanan Beku | J6: JSM | K6: 2026-07-24 | L6: 2026-07-26 | M6: PROMO JSM (3 HARI)
A7: BENFARM Honey Chicken Wing 400 g | B7: BENFARM | C7: Honey Chicken Wing | D7: 400 g | E7: 54900 | F7: 59900 | G7: 8.35 | H7: Tersedia | I7: Makanan Beku | J7: JSM | K7: 2026-07-24 | L7: 2026-07-26 | M7: PROMO JSM (3 HARI)
A8: BENFARM Nugget Premium Chicken Stick 300 g | B8: BENFARM | C8: Nugget Premium Chicken Stick | D8: 300 g | E8: 31900 | F8: 38900 | G8: 17.99 | H8: Tersedia | I8: Makanan Beku | J8: JSM | K8: 2026-07-24 | L8: 2026-07-26 | M8: PROMO JSM (3 HARI)
A9: KRAFT Quick Melt Mozza 150 g | B9: KRAFT | C9: Quick Melt Mozza | D9: 150 g | E9: 26600 | F9: 33200 | G9: 19.88 | H9: Tersedia | I9: Keju & Olahan Susu | J9: JSM | K9: 2026-07-24 | L9: 2026-07-26 | M9: PROMO JSM (3 HARI)
A10: KRAFT Cheddar 150 g | B10: KRAFT | C10: Cheddar | D10: 150 g | E10: 21500 | F10: 27900 | G10: 22.94 | H10: Tersedia | I10: Keju & Olahan Susu | J10: JSM | K10: 2026-07-24 | L10: 2026-07-26 | M10: PROMO JSM (3 HARI)
A11: KRAFT All In 1 150 g | B11: KRAFT | C11: All In 1 Cheddar | D11: 150 g | E11: 14200 | F11: 17900 | G11: 20.67 | H11: Tersedia | I11: Keju & Olahan Susu | J11: JSM | K11: 2026-07-24 | L11: 2026-07-26 | M11: PROMO JSM (3 HARI)
